b01d9a0b80cc51a4c2cd79c6f0c2cb339624f658,DELETE,regular-file,Frontend/angular/.angular/cache/16.2.16/angular-webpack/2804c7ee11e9b4740e530bd3a3ac6c7c6575fdda/0.pack,204842375,
eca6b71251e97861cc8af66dc7b5d60b7b7a1c2e,DELETE,regular-file,Frontend/angular/.angular/cache/16.2.16/angular-webpack/2804c7ee11e9b4740e530bd3a3ac6c7c6575fdda/1.pack,65073,
6ff8c3a910ed355004baeb7fdc365dd13a313828,DELETE,regular-file,Frontend/angular/.angular/cache/16.2.16/angular-webpack/2804c7ee11e9b4740e530bd3a3ac6c7c6575fdda/2.pack,2694672,
9ed3f2f49205504b2eb060f8a35b7e0098073986,DELETE,regular-file,Frontend/angular/.angular/cache/16.2.16/angular-webpack/2804c7ee11e9b4740e530bd3a3ac6c7c6575fdda/index.pack,954300,
f116705c62abe2862b3423df0baa6dc4ea18f0c7,DELETE,regular-file,Frontend/angular/.angular/cache/16.2.16/angular-webpack/8b1f6cca20acc8b7ca32676a074ec6ad4ca91333/0.pack,76913226,
69264c30acf206c31597c9601972652c76556c59,DELETE,regular-file,Frontend/angular/.angular/cache/16.2.16/angular-webpack/8b1f6cca20acc8b7ca32676a074ec6ad4ca91333/index.pack,461004,
c411a99ea23a596712fcf9c65029170d9c396455,DELETE,regular-file,Frontend/angular/.angular/cache/16.2.16/angular-webpack/c1a29f027eb9e33c1a41e89f0da15bed16c940d2/0.pack,76912364,
38e2aeb354746e0fc804d6cde2089adde073c92d,DELETE,regular-file,Frontend/angular/.angular/cache/16.2.16/angular-webpack/c1a29f027eb9e33c1a41e89f0da15bed16c940d2/index.pack,748999,
2c4cbba498c40615eb2ac4852c66e4e02c8cf0c4,DELETE,regular-file,Frontend/angular/.angular/cache/16.2.16/angular-webpack/d5614bd25dcfe04d3a720ec0642ec0307b6f0a17/0.pack,642057,
40a6096a03349ab0add5b8d72fd0871fea6e6c52,DELETE,regular-file,Frontend/angular/.angular/cache/16.2.16/angular-webpack/d5614bd25dcfe04d3a720ec0642ec0307b6f0a17/1.pack,1762891,
7b4df8fc5ce4229d5d851a8a4b35025ffa9aa900,DELETE,regular-file,Frontend/angular/.angular/cache/16.2.16/angular-webpack/d5614bd25dcfe04d3a720ec0642ec0307b6f0a17/10.pack,18576206,
c2def553307a900c78c281bf974e59b45779548f,DELETE,regular-file,Frontend/angular/.angular/cache/16.2.16/angular-webpack/d5614bd25dcfe04d3a720ec0642ec0307b6f0a17/11.pack,44100,
f91ff4ece538292b975eac41d876844cec19187e,DELETE,regular-file,Frontend/angular/.angular/cache/16.2.16/angular-webpack/d5614bd25dcfe04d3a720ec0642ec0307b6f0a17/12.pack,182995831,
4a2c1a7d2d3f1e959df45a84f9ed0d10172604d3,DELETE,regular-file,Frontend/angular/.angular/cache/16.2.16/angular-webpack/d5614bd25dcfe04d3a720ec0642ec0307b6f0a17/13.pack,1764125,
f8d3129ed43d89bd52b7db0a05800d94f9742b5e,DELETE,regular-file,Frontend/angular/.angular/cache/16.2.16/angular-webpack/d5614bd25dcfe04d3a720ec0642ec0307b6f0a17/14.pack,47191,
51fb2a08c86c1106ccc3ea3c42a49279d098fbb8,DELETE,regular-file,Frontend/angular/.angular/cache/16.2.16/angular-webpack/d5614bd25dcfe04d3a720ec0642ec0307b6f0a17/15.pack,9525,
ee46e9d799df0161749ec9bfacadb51ea4a23117,DELETE,regular-file,Frontend/angular/.angular/cache/16.2.16/angular-webpack/d5614bd25dcfe04d3a720ec0642ec0307b6f0a17/16.pack,133683,
c156de4e8f98cb0585d39beb9b3647f6f3c5d9a3,DELETE,regular-file,Frontend/angular/.angular/cache/16.2.16/angular-webpack/d5614bd25dcfe04d3a720ec0642ec0307b6f0a17/17.pack,1428220,
94e8042fa199f43bce7128d59fcfa8f37a2e337d,DELETE,regular-file,Frontend/angular/.angular/cache/16.2.16/angular-webpack/d5614bd25dcfe04d3a720ec0642ec0307b6f0a17/18.pack,33824,
adc226fcb26fed549048c07f561d36827bd31c31,DELETE,regular-file,Frontend/angular/.angular/cache/16.2.16/angular-webpack/d5614bd25dcfe04d3a720ec0642ec0307b6f0a17/19.pack,65067,
55199964ea6f8207ee738c3a356bfb3c2c65e6c8,DELETE,regular-file,Frontend/angular/.angular/cache/16.2.16/angular-webpack/d5614bd25dcfe04d3a720ec0642ec0307b6f0a17/2.pack,2810,
bf4629920b131b7fd0cce2c34c07b13291b93e27,DELETE,regular-file,Frontend/angular/.angular/cache/16.2.16/angular-webpack/d5614bd25dcfe04d3a720ec0642ec0307b6f0a17/3.pack,2790354,
93ae71de0738d408bc38d767ea74e2bdfad7a9b0,DELETE,regular-file,Frontend/angular/.angular/cache/16.2.16/angular-webpack/d5614bd25dcfe04d3a720ec0642ec0307b6f0a17/4.pack,1053764,
90be9806d18bc259ff5e276ab8a96df2cda3b0c3,DELETE,regular-file,Frontend/angular/.angular/cache/16.2.16/angular-webpack/d5614bd25dcfe04d3a720ec0642ec0307b6f0a17/5.pack,65120,
63c289c7fc26163f6cd2ba429eb04af29068c077,DELETE,regular-file,Frontend/angular/.angular/cache/16.2.16/angular-webpack/d5614bd25dcfe04d3a720ec0642ec0307b6f0a17/6.pack,1766310,
d99c8862189f5983ff2905ef02caf38e0f826455,DELETE,regular-file,Frontend/angular/.angular/cache/16.2.16/angular-webpack/d5614bd25dcfe04d3a720ec0642ec0307b6f0a17/7.pack,30196,
81829bd4ceec9b6b14363405cd2fd165411cead8,DELETE,regular-file,Frontend/angular/.angular/cache/16.2.16/angular-webpack/d5614bd25dcfe04d3a720ec0642ec0307b6f0a17/8.pack,44955,
809d6859595af67524fa37d97ecf93dfde9d55ab,DELETE,regular-file,Frontend/angular/.angular/cache/16.2.16/angular-webpack/d5614bd25dcfe04d3a720ec0642ec0307b6f0a17/9.pack,158014,
6e2b01ed3b86eb3fbe9e4ccbd1f0c03f928c5223,DELETE,regular-file,Frontend/angular/.angular/cache/16.2.16/angular-webpack/d5614bd25dcfe04d3a720ec0642ec0307b6f0a17/index.pack,1235238,
9624cde130348eb809905e56e5274733ff9ec5e8,DELETE,regular-file,Frontend/angular/.angular/cache/16.2.16/angular-webpack/e19dc3124af3487c1c250682db2db8b94ac1f30a/0.pack,76914189,
419e9051749dbe7069567e5021f2c4410e9d7f61,DELETE,regular-file,Frontend/angular/.angular/cache/16.2.16/angular-webpack/e19dc3124af3487c1c250682db2db8b94ac1f30a/index.pack,748999,
